method_name, task_1, task_2, task_3, task_4, task_5, task_6
Transformers, 81.2191162, 76.5137634, 72.1764678, 71.6501541, 69.7001419, 67.1315307
GradKNN, 92.3953857, 85.963302, 83.0, 79.21929, 79.14225769, 70.3658752
GradKNN, 90.878089, 86.3302764, 79.529403, 78.5730285, 78.3403091, 75.76428985
GradKNN, 91.713340, 87.0642242, 82.29411315, 83.6161117, 75.58437, 72.381462