trial;last_task_accuracy;kmeans_k;knn_k;shrinkage_alpha_0;shrinkage_alpha_1;tukey_lambda;last_task_accuracy_name1;last_task_accuracy_name2;last_task_accuracy_name3;average_last_task_accuracy;average_accuracy_name1;average_accuracy_name2;average_accuracy_name3;average_of_average_accuracy
6180;72,56;43;4;0,920670049;0,5;0,418905644;72.55999755859375;71.55999755859375;73.33999633789062;72.48666381835938;79.23396809895833;79.38285700480144;80.16178766886394;79.5928709242079
6693;72,54;43;4;0,880129393;0,5;0,420410832;72.53999328613281;71.58000183105469;73.37999725341797;72.49999745686848;79.21388753255208;79.383544921875;80.16661580403645;79.5880160861545
1619;72,52;50;6;1,27017264;0,688331332;0,401584729;72.5199966430664;71.37999725341797;72.89999389648438;72.26666259765625;79.23495992024739;79.40072631835938;80.090394337972;79.57536019219292
6696;72,5;43;4;0,886212953;0,5;0,424044634;72.5;71.54000091552734;73.39999389648438;72.47999827067058;79.16107177734375;79.35447057088216;80.19030507405598;79.56861580742729
3608;72,48;50;6;1,268886637;0,668137479;0,400037617;72.47999572753906;71.36000061035156;72.95999145507812;72.26666259765625;79.25402069091797;79.3884646097819;80.1432507832845;79.59524536132812
